iso3c,year,strand,bench_usd,wb_raw_usd,share_forestry,forestry_route
JPN,2011,total,63554629256.0825,67334928823.2981,0.056141732578882,GLORIA_share
JPN,2015,total,42203228596.7286,45965919991.1669,0.0818582853375145,GLORIA_share
JPN,2020,total,48570088242.7711,53895785664.1926,0.0988147283834811,GLORIA_share
